﻿Country,﻿Continent,﻿Pivot Field Names,﻿Pivot Field Values
Afghanistan,Asia,Happiness Score,null
Afghanistan,Asia,Alcconsumption,0.03
Afghanistan,Asia,Beer Servings,0
Afghanistan,Asia,Employrate,55.7
Afghanistan,Asia,Incomeperperson,null
Afghanistan,Asia,Spirit Servings,0
Afghanistan,Asia,Suicideper100Th,6.68
Afghanistan,Asia,Total Litres Of Pure Alcohol,0
Afghanistan,Asia,Urbanrate,24.04
Afghanistan,Asia,Wine Servings,0
Albania,Europe,Happiness Score,4.66
Albania,Europe,Alcconsumption,7.29
Albania,Europe,Beer Servings,89
Albania,Europe,Employrate,51.4
Albania,Europe,Incomeperperson,"1,915.00"
Albania,Europe,Spirit Servings,132
Albania,Europe,Suicideper100Th,7.7
Albania,Europe,Total Litres Of Pure Alcohol,4.9
Albania,Europe,Urbanrate,46.72
Albania,Europe,Wine Servings,54
Algeria,Africa,Happiness Score,null
Algeria,Africa,Alcconsumption,0.69
Algeria,Africa,Beer Servings,25
Algeria,Africa,Employrate,50.5
Algeria,Africa,Incomeperperson,"2,231.99"
Algeria,Africa,Spirit Servings,0
Algeria,Africa,Suicideper100Th,4.85
Algeria,Africa,Total Litres Of Pure Alcohol,0.7
Algeria,Africa,Urbanrate,65.22
Algeria,Africa,Wine Servings,14
Andorra,Europe,Happiness Score,null
Andorra,Europe,Alcconsumption,10.17
Andorra,Europe,Beer Servings,245
Andorra,Europe,Employrate,null
Andorra,Europe,Incomeperperson,"21,943.34"
Andorra,Europe,Spirit Servings,138
Andorra,Europe,Suicideper100Th,5.36
Andorra,Europe,Total Litres Of Pure Alcohol,12.4
Andorra,Europe,Urbanrate,88.92
Andorra,Europe,Wine Servings,312
Angola,Africa,Happiness Score,3.87
Angola,Africa,Alcconsumption,5.57
Angola,Africa,Beer Servings,217
Angola,Africa,Employrate,75.7
Angola,Africa,Incomeperperson,"1,381.00"
Angola,Africa,Spirit Servings,57
Angola,Africa,Suicideper100Th,14.55
Angola,Africa,Total Litres Of Pure Alcohol,5.9
Angola,Africa,Urbanrate,56.7
Angola,Africa,Wine Servings,45
Antigua & Barbuda,North America,Happiness Score,null
Antigua & Barbuda,North America,Alcconsumption,8.17
Antigua & Barbuda,North America,Beer Servings,102
Antigua & Barbuda,North America,Employrate,null
Antigua & Barbuda,North America,Incomeperperson,"11,894.46"
Antigua & Barbuda,North America,Spirit Servings,128
Antigua & Barbuda,North America,Suicideper100Th,2.16
Antigua & Barbuda,North America,Total Litres Of Pure Alcohol,4.9
Antigua & Barbuda,North America,Urbanrate,30.46
Antigua & Barbuda,North America,Wine Servings,45
Argentina,South America,Happiness Score,6.65
Argentina,South America,Alcconsumption,9.35
Argentina,South America,Beer Servings,193
Argentina,South America,Employrate,58.4
Argentina,South America,Incomeperperson,"10,749.42"
Argentina,South America,Spirit Servings,25
Argentina,South America,Suicideper100Th,7.77
Argentina,South America,Total Litres Of Pure Alcohol,8.3
Argentina,South America,Urbanrate,92
Argentina,South America,Wine Servings,221
Armenia,Europe,Happiness Score,4.36
Armenia,Europe,Alcconsumption,13.66
Armenia,Europe,Beer Servings,21
Armenia,Europe,Employrate,40.1
Armenia,Europe,Incomeperperson,"1,326.74"
Armenia,Europe,Spirit Servings,179
Armenia,Europe,Suicideper100Th,3.74
Armenia,Europe,Total Litres Of Pure Alcohol,3.8
Armenia,Europe,Urbanrate,63.86
Armenia,Europe,Wine Servings,11
Australia,Oceania,Happiness Score,7.31
Australia,Oceania,Alcconsumption,10.21
Australia,Oceania,Beer Servings,261
Australia,Oceania,Employrate,61.5
Australia,Oceania,Incomeperperson,"25,249.99"
Australia,Oceania,Spirit Servings,72
Australia,Oceania,Suicideper100Th,8.47
Australia,Oceania,Total Litres Of Pure Alcohol,10.4
Australia,Oceania,Urbanrate,88.74
Australia,Oceania,Wine Servings,212
Austria,Europe,Happiness Score,7.12
Austria,Europe,Alcconsumption,12.4
Austria,Europe,Beer Servings,279
Austria,Europe,Employrate,57.1
Austria,Europe,Incomeperperson,"26,692.98"
Austria,Europe,Spirit Servings,75
Austria,Europe,Suicideper100Th,13.09
Austria,Europe,Total Litres Of Pure Alcohol,9.7
Austria,Europe,Urbanrate,67.16
Austria,Europe,Wine Servings,191
Azerbaijan,Europe,Happiness Score,5.29
Azerbaijan,Europe,Alcconsumption,13.34
Azerbaijan,Europe,Beer Servings,21
Azerbaijan,Europe,Employrate,60.9
Azerbaijan,Europe,Incomeperperson,"2,344.90"
Azerbaijan,Europe,Spirit Servings,46
Azerbaijan,Europe,Suicideper100Th,1.38
Azerbaijan,Europe,Total Litres Of Pure Alcohol,1.3
Azerbaijan,Europe,Urbanrate,51.92
Azerbaijan,Europe,Wine Servings,5
Bahamas,North America,Happiness Score,null
Bahamas,North America,Alcconsumption,8.65
Bahamas,North America,Beer Servings,122
Bahamas,North America,Employrate,66.6
Bahamas,North America,Incomeperperson,"19,630.54"
Bahamas,North America,Spirit Servings,176
Bahamas,North America,Suicideper100Th,3.37
Bahamas,North America,Total Litres Of Pure Alcohol,6.3
Bahamas,North America,Urbanrate,83.7
Bahamas,North America,Wine Servings,51
Bahrain,Asia,Happiness Score,6.22
Bahrain,Asia,Alcconsumption,4.19
Bahrain,Asia,Beer Servings,42
Bahrain,Asia,Employrate,60.4
Bahrain,Asia,Incomeperperson,"12,505.21"
Bahrain,Asia,Spirit Servings,63
Bahrain,Asia,Suicideper100Th,4.41
Bahrain,Asia,Total Litres Of Pure Alcohol,2
Bahrain,Asia,Urbanrate,88.52
Bahrain,Asia,Wine Servings,7
Bangladesh,Asia,Happiness Score,null
Bangladesh,Asia,Alcconsumption,0.17
Bangladesh,Asia,Beer Servings,0
Bangladesh,Asia,Employrate,68.1
Bangladesh,Asia,Incomeperperson,558.06
Bangladesh,Asia,Spirit Servings,0
Bangladesh,Asia,Suicideper100Th,14.54
Bangladesh,Asia,Total Litres Of Pure Alcohol,0
Bangladesh,Asia,Urbanrate,27.14
Bangladesh,Asia,Wine Servings,0
Barbados,North America,Happiness Score,null
Barbados,North America,Alcconsumption,6.42
Barbados,North America,Beer Servings,143
Barbados,North America,Employrate,66.9
Barbados,North America,Incomeperperson,"9,243.59"
Barbados,North America,Spirit Servings,173
Barbados,North America,Suicideper100Th,3.11
Barbados,North America,Total Litres Of Pure Alcohol,6.3
Barbados,North America,Urbanrate,39.84
Barbados,North America,Wine Servings,36
Belarus,Europe,Happiness Score,5.8
Belarus,Europe,Alcconsumption,18.85
Belarus,Europe,Beer Servings,142
Belarus,Europe,Employrate,53.4
Belarus,Europe,Incomeperperson,"2,737.67"
Belarus,Europe,Spirit Servings,373
Belarus,Europe,Suicideper100Th,26.87
Belarus,Europe,Total Litres Of Pure Alcohol,14.4
Belarus,Europe,Urbanrate,73.46
Belarus,Europe,Wine Servings,42
Belgium,Europe,Happiness Score,6.93
Belgium,Europe,Alcconsumption,10.41
Belgium,Europe,Beer Servings,295
Belgium,Europe,Employrate,48.6
Belgium,Europe,Incomeperperson,"24,496.05"
Belgium,Europe,Spirit Servings,84
Belgium,Europe,Suicideper100Th,15.95
Belgium,Europe,Total Litres Of Pure Alcohol,10.5
Belgium,Europe,Urbanrate,97.36
Belgium,Europe,Wine Servings,212
Belize,North America,Happiness Score,5.96
Belize,North America,Alcconsumption,5.92
Belize,North America,Beer Servings,263
Belize,North America,Employrate,56.8
Belize,North America,Incomeperperson,"3,545.65"
Belize,North America,Spirit Servings,114
Belize,North America,Suicideper100Th,9.39
Belize,North America,Total Litres Of Pure Alcohol,6.8
Belize,North America,Urbanrate,51.7
Belize,North America,Wine Servings,8
Benin,Africa,Happiness Score,3.48
Benin,Africa,Alcconsumption,2.08
Benin,Africa,Beer Servings,34
Benin,Africa,Employrate,71.6
Benin,Africa,Incomeperperson,377.04
Benin,Africa,Spirit Servings,4
Benin,Africa,Suicideper100Th,6.06
Benin,Africa,Total Litres Of Pure Alcohol,1.1
Benin,Africa,Urbanrate,41.2
Benin,Africa,Wine Servings,13
Bhutan,Asia,Happiness Score,null
Bhutan,Asia,Alcconsumption,0.54
Bhutan,Asia,Beer Servings,23
Bhutan,Asia,Employrate,58.4
Bhutan,Asia,Incomeperperson,"1,324.19"
Bhutan,Asia,Spirit Servings,0
Bhutan,Asia,Suicideper100Th,15.54
Bhutan,Asia,Total Litres Of Pure Alcohol,0.4
Bhutan,Asia,Urbanrate,34.48
Bhutan,Asia,Wine Servings,0
Bolivia,South America,Happiness Score,5.82
Bolivia,South America,Alcconsumption,5.78
Bolivia,South America,Beer Servings,167
Bolivia,South America,Employrate,70.4
Bolivia,South America,Incomeperperson,"1,232.79"
Bolivia,South America,Spirit Servings,41
Bolivia,South America,Suicideper100Th,2.03
Bolivia,South America,Total Litres Of Pure Alcohol,3.8
Bolivia,South America,Urbanrate,65.58
Bolivia,South America,Wine Servings,8
Bosnia-Herzegovina,Europe,Happiness Score,5.16
Bosnia-Herzegovina,Europe,Alcconsumption,9.6
Bosnia-Herzegovina,Europe,Beer Servings,76
Bosnia-Herzegovina,Europe,Employrate,41.2
Bosnia-Herzegovina,Europe,Incomeperperson,"2,183.34"
Bosnia-Herzegovina,Europe,Spirit Servings,173
Bosnia-Herzegovina,Europe,Suicideper100Th,11.84
Bosnia-Herzegovina,Europe,Total Litres Of Pure Alcohol,4.6
Bosnia-Herzegovina,Europe,Urbanrate,47.44
Bosnia-Herzegovina,Europe,Wine Servings,8
Botswana,Africa,Happiness Score,3.97
Botswana,Africa,Alcconsumption,6.97
Botswana,Africa,Beer Servings,173
Botswana,Africa,Employrate,46
Botswana,Africa,Incomeperperson,"4,189.44"
Botswana,Africa,Spirit Servings,35
Botswana,Africa,Suicideper100Th,11.21
Botswana,Africa,Total Litres Of Pure Alcohol,5.4
Botswana,Africa,Urbanrate,59.58
Botswana,Africa,Wine Servings,35
Brazil,South America,Happiness Score,6.95
Brazil,South America,Alcconsumption,10.08
Brazil,South America,Beer Servings,245
Brazil,South America,Employrate,64.5
Brazil,South America,Incomeperperson,"4,699.41"
Brazil,South America,Spirit Servings,145
Brazil,South America,Suicideper100Th,4.78
Brazil,South America,Total Litres Of Pure Alcohol,7.2
Brazil,South America,Urbanrate,85.58
Brazil,South America,Wine Servings,16
Brunei,Asia,Happiness Score,null
Brunei,Asia,Alcconsumption,1.86
Brunei,Asia,Beer Servings,31
Brunei,Asia,Employrate,63.8
Brunei,Asia,Incomeperperson,"17,092.46"
Brunei,Asia,Spirit Servings,2
Brunei,Asia,Suicideper100Th,1.37
Brunei,Asia,Total Litres Of Pure Alcohol,0.6
Brunei,Asia,Urbanrate,74.82
Brunei,Asia,Wine Servings,1
Bulgaria,Europe,Happiness Score,4.22
Bulgaria,Europe,Alcconsumption,11.4
Bulgaria,Europe,Beer Servings,231
Bulgaria,Europe,Employrate,47.3
Bulgaria,Europe,Incomeperperson,"2,549.56"
Bulgaria,Europe,Spirit Servings,252
Bulgaria,Europe,Suicideper100Th,9.22
Bulgaria,Europe,Total Litres Of Pure Alcohol,10.3
Bulgaria,Europe,Urbanrate,71.1
Bulgaria,Europe,Wine Servings,94
Burkina Faso,Africa,Happiness Score,3.74
Burkina Faso,Africa,Alcconsumption,7.32
Burkina Faso,Africa,Beer Servings,25
Burkina Faso,Africa,Employrate,81.3
Burkina Faso,Africa,Incomeperperson,276.2
Burkina Faso,Africa,Spirit Servings,7
Burkina Faso,Africa,Suicideper100Th,8.2
Burkina Faso,Africa,Total Litres Of Pure Alcohol,4.3
Burkina Faso,Africa,Urbanrate,19.56
Burkina Faso,Africa,Wine Servings,7
Burundi,Africa,Happiness Score,null
Burundi,Africa,Alcconsumption,9.65
Burundi,Africa,Beer Servings,88
Burundi,Africa,Employrate,83.2
Burundi,Africa,Incomeperperson,115.31
Burundi,Africa,Spirit Servings,0
Burundi,Africa,Suicideper100Th,14.68
Burundi,Africa,Total Litres Of Pure Alcohol,6.3
Burundi,Africa,Urbanrate,10.4
Burundi,Africa,Wine Servings,0
Cote d'Ivoire,Africa,Happiness Score,3.92
Cote d'Ivoire,Africa,Alcconsumption,6.47
Cote d'Ivoire,Africa,Beer Servings,37
Cote d'Ivoire,Africa,Employrate,59.9
Cote d'Ivoire,Africa,Incomeperperson,591.07
Cote d'Ivoire,Africa,Spirit Servings,1
Cote d'Ivoire,Africa,Suicideper100Th,20.32
Cote d'Ivoire,Africa,Total Litres Of Pure Alcohol,4
Cote d'Ivoire,Africa,Urbanrate,48.78
Cote d'Ivoire,Africa,Wine Servings,7
Cabo Verde,Africa,Happiness Score,null
Cabo Verde,Africa,Alcconsumption,null
Cabo Verde,Africa,Beer Servings,144
Cabo Verde,Africa,Employrate,null
Cabo Verde,Africa,Incomeperperson,null
Cabo Verde,Africa,Spirit Servings,56
Cabo Verde,Africa,Suicideper100Th,null
Cabo Verde,Africa,Total Litres Of Pure Alcohol,4
Cabo Verde,Africa,Urbanrate,null
Cabo Verde,Africa,Wine Servings,16
Cambodia,Asia,Happiness Score,3.91
Cambodia,Asia,Alcconsumption,4.71
Cambodia,Asia,Beer Servings,57
Cambodia,Asia,Employrate,78.9
Cambodia,Asia,Incomeperperson,557.95
Cambodia,Asia,Spirit Servings,65
Cambodia,Asia,Suicideper100Th,4.96
Cambodia,Asia,Total Litres Of Pure Alcohol,2.2
Cambodia,Asia,Urbanrate,21.56
Cambodia,Asia,Wine Servings,1
Cameroon,Africa,Happiness Score,4.51
Cameroon,Africa,Alcconsumption,7.9
Cameroon,Africa,Beer Servings,147
Cameroon,Africa,Employrate,59.1
Cameroon,Africa,Incomeperperson,713.64
Cameroon,Africa,Spirit Servings,1
Cameroon,Africa,Suicideper100Th,7.21
Cameroon,Africa,Total Litres Of Pure Alcohol,5.8
Cameroon,Africa,Urbanrate,56.76
Cameroon,Africa,Wine Servings,4
Canada,North America,Happiness Score,7.4
Canada,North America,Alcconsumption,10.2
Canada,North America,Beer Servings,240
Canada,North America,Employrate,63.5
Canada,North America,Incomeperperson,"25,575.35"
Canada,North America,Spirit Servings,122
Canada,North America,Suicideper100Th,10.1
Canada,North America,Total Litres Of Pure Alcohol,8.2
Canada,North America,Urbanrate,80.4
Canada,North America,Wine Servings,100
Central African Rep.,Africa,Happiness Score,null
Central African Rep.,Africa,Alcconsumption,3.17
Central African Rep.,Africa,Beer Servings,17
Central African Rep.,Africa,Employrate,71.3
Central African Rep.,Africa,Incomeperperson,239.52
Central African Rep.,Africa,Spirit Servings,2
Central African Rep.,Africa,Suicideper100Th,13.55
Central African Rep.,Africa,Total Litres Of Pure Alcohol,1.8
Central African Rep.,Africa,Urbanrate,38.58
Central African Rep.,Africa,Wine Servings,1
Chad,Africa,Happiness Score,3.76
Chad,Africa,Alcconsumption,4.39
Chad,Africa,Beer Servings,15
Chad,Africa,Employrate,68.9
Chad,Africa,Incomeperperson,275.88
Chad,Africa,Spirit Servings,1
Chad,Africa,Suicideper100Th,8.28
Chad,Africa,Total Litres Of Pure Alcohol,0.4
Chad,Africa,Urbanrate,26.68
Chad,Africa,Wine Servings,1
Chile,South America,Happiness Score,6.71
Chile,South America,Alcconsumption,8.81
Chile,South America,Beer Servings,130
Chile,South America,Employrate,51
Chile,South America,Incomeperperson,"6,334.11"
Chile,South America,Spirit Servings,124
Chile,South America,Suicideper100Th,10.17
Chile,South America,Total Litres Of Pure Alcohol,7.6
Chile,South America,Urbanrate,88.44
Chile,South America,Wine Servings,172
China,Asia,Happiness Score,5.25
China,Asia,Alcconsumption,5.56
China,Asia,Beer Servings,79
China,Asia,Employrate,72.8
China,Asia,Incomeperperson,"2,425.47"
China,Asia,Spirit Servings,192
China,Asia,Suicideper100Th,16.91
China,Asia,Total Litres Of Pure Alcohol,5
China,Asia,Urbanrate,43.1
China,Asia,Wine Servings,8
Colombia,South America,Happiness Score,6.48
Colombia,South America,Alcconsumption,6.59
Colombia,South America,Beer Servings,159
Colombia,South America,Employrate,63.2
Colombia,South America,Incomeperperson,"3,233.42"
Colombia,South America,Spirit Servings,76
Colombia,South America,Suicideper100Th,4.91
Colombia,South America,Total Litres Of Pure Alcohol,4.2
Colombia,South America,Urbanrate,74.5
Colombia,South America,Wine Servings,3
Comoros,Africa,Happiness Score,3.96
Comoros,Africa,Alcconsumption,0.28
Comoros,Africa,Beer Servings,1
Comoros,Africa,Employrate,68
Comoros,Africa,Incomeperperson,336.37
Comoros,Africa,Spirit Servings,3
Comoros,Africa,Suicideper100Th,4.75
Comoros,Africa,Total Litres Of Pure Alcohol,0.1
Comoros,Africa,Urbanrate,28.08
Comoros,Africa,Wine Servings,1
"Congo, Rep.",Africa,Happiness Score,null
"Congo, Rep.",Africa,Alcconsumption,4.46
"Congo, Rep.",Africa,Beer Servings,76
"Congo, Rep.",Africa,Employrate,64.2
"Congo, Rep.",Africa,Incomeperperson,"1,253.29"
"Congo, Rep.",Africa,Spirit Servings,1
"Congo, Rep.",Africa,Suicideper100Th,9.87
"Congo, Rep.",Africa,Total Litres Of Pure Alcohol,1.7
"Congo, Rep.",Africa,Urbanrate,61.34
"Congo, Rep.",Africa,Wine Servings,9
Cook Islands,Oceania,Happiness Score,null
Cook Islands,Oceania,Alcconsumption,3.23
Cook Islands,Oceania,Beer Servings,0
Cook Islands,Oceania,Employrate,null
Cook Islands,Oceania,Incomeperperson,null
Cook Islands,Oceania,Spirit Servings,254
Cook Islands,Oceania,Suicideper100Th,4.37
Cook Islands,Oceania,Total Litres Of Pure Alcohol,5.9
Cook Islands,Oceania,Urbanrate,null
Cook Islands,Oceania,Wine Servings,74
Costa Rica,North America,Happiness Score,null
Costa Rica,North America,Alcconsumption,5.81
Costa Rica,North America,Beer Servings,149
Costa Rica,North America,Employrate,58.6
Costa Rica,North America,Incomeperperson,"5,188.90"
Costa Rica,North America,Spirit Servings,87
Costa Rica,North America,Suicideper100Th,6.6
Costa Rica,North America,Total Litres Of Pure Alcohol,4.4
Costa Rica,North America,Urbanrate,63.26
Costa Rica,North America,Wine Servings,11
Croatia,Europe,Happiness Score,5.49
Croatia,Europe,Alcconsumption,15
Croatia,Europe,Beer Servings,230
Croatia,Europe,Employrate,47.1
Croatia,Europe,Incomeperperson,"6,338.49"
Croatia,Europe,Spirit Servings,87
Croatia,Europe,Suicideper100Th,14.78
Croatia,Europe,Total Litres Of Pure Alcohol,10.2
Croatia,Europe,Urbanrate,57.28
Croatia,Europe,Wine Servings,254
Cuba,North America,Happiness Score,null
Cuba,North America,Alcconsumption,5.12
Cuba,North America,Beer Servings,93
Cuba,North America,Employrate,56
Cuba,North America,Incomeperperson,"4,495.05"
Cuba,North America,Spirit Servings,137
Cuba,North America,Suicideper100Th,10.57
Cuba,North America,Total Litres Of Pure Alcohol,4.2
Cuba,North America,Urbanrate,75.66
Cuba,North America,Wine Servings,5
Cyprus,Europe,Happiness Score,5.55
Cyprus,Europe,Alcconsumption,8.84
Cyprus,Europe,Beer Servings,192
Cyprus,Europe,Employrate,59.1
Cyprus,Europe,Incomeperperson,"15,313.86"
Cyprus,Europe,Spirit Servings,154
Cyprus,Europe,Suicideper100Th,2.21
Cyprus,Europe,Total Litres Of Pure Alcohol,8.2
Cyprus,Europe,Urbanrate,69.9
Cyprus,Europe,Wine Servings,113
Czech Republic,Europe,Happiness Score,6.6
Czech Republic,Europe,Alcconsumption,16.47
Czech Republic,Europe,Beer Servings,361
Czech Republic,Europe,Employrate,56
Czech Republic,Europe,Incomeperperson,"7,381.31"
Czech Republic,Europe,Spirit Servings,170
Czech Republic,Europe,Suicideper100Th,12.37
Czech Republic,Europe,Total Litres Of Pure Alcohol,11.8
Czech Republic,Europe,Urbanrate,73.5
Czech Republic,Europe,Wine Servings,134
Denmark,Europe,Happiness Score,7.53
Denmark,Europe,Alcconsumption,12.02
Denmark,Europe,Beer Servings,224
Denmark,Europe,Employrate,63.1
Denmark,Europe,Incomeperperson,"30,532.28"
Denmark,Europe,Spirit Servings,81
Denmark,Europe,Suicideper100Th,8.97
Denmark,Europe,Total Litres Of Pure Alcohol,10.4
Denmark,Europe,Urbanrate,86.68
Denmark,Europe,Wine Servings,278
Djibouti,Africa,Happiness Score,null
Djibouti,Africa,Alcconsumption,1.87
Djibouti,Africa,Beer Servings,15
Djibouti,Africa,Employrate,null
Djibouti,Africa,Incomeperperson,895.32
Djibouti,Africa,Spirit Servings,44
Djibouti,Africa,Suicideper100Th,4.99
Djibouti,Africa,Total Litres Of Pure Alcohol,1.1
Djibouti,Africa,Urbanrate,87.3
Djibouti,Africa,Wine Servings,3
Dominica,North America,Happiness Score,null
Dominica,North America,Alcconsumption,8.68
Dominica,North America,Beer Servings,52
Dominica,North America,Employrate,null
Dominica,North America,Incomeperperson,"6,147.78"
Dominica,North America,Spirit Servings,286
Dominica,North America,Suicideper100Th,5.84
Dominica,North America,Total Litres Of Pure Alcohol,6.6
Dominica,North America,Urbanrate,73.92
Dominica,North America,Wine Servings,26
Dominican Rep.,North America,Happiness Score,5.16
Dominican Rep.,North America,Alcconsumption,6.28
Dominican Rep.,North America,Beer Servings,193
Dominican Rep.,North America,Employrate,52.7
Dominican Rep.,North America,Incomeperperson,"4,049.17"
Dominican Rep.,North America,Spirit Servings,147
Dominican Rep.,North America,Suicideper100Th,6.52
Dominican Rep.,North America,Total Litres Of Pure Alcohol,6.2
Dominican Rep.,North America,Urbanrate,69.02
Dominican Rep.,North America,Wine Servings,9
DR Congo,Africa,Happiness Score,null
DR Congo,Africa,Alcconsumption,3.39
DR Congo,Africa,Beer Servings,32
DR Congo,Africa,Employrate,66.2
DR Congo,Africa,Incomeperperson,103.78
DR Congo,Africa,Spirit Servings,3
DR Congo,Africa,Suicideper100Th,14.71
DR Congo,Africa,Total Litres Of Pure Alcohol,2.3
DR Congo,Africa,Urbanrate,33.96
DR Congo,Africa,Wine Servings,1
Ecuador,South America,Happiness Score,5.98
Ecuador,South America,Alcconsumption,9.43
Ecuador,South America,Beer Servings,162
Ecuador,South America,Employrate,59.7
Ecuador,South America,Incomeperperson,"1,728.02"
Ecuador,South America,Spirit Servings,74
Ecuador,South America,Suicideper100Th,8.5
Ecuador,South America,Total Litres Of Pure Alcohol,4.2
Ecuador,South America,Urbanrate,65.58
Ecuador,South America,Wine Servings,3
Egypt,Africa,Happiness Score,4.36
Egypt,Africa,Alcconsumption,0.32
Egypt,Africa,Beer Servings,6
Egypt,Africa,Employrate,42.4
Egypt,Africa,Incomeperperson,"1,975.55"
Egypt,Africa,Spirit Servings,4
Egypt,Africa,Suicideper100Th,1.8
Egypt,Africa,Total Litres Of Pure Alcohol,0.2
Egypt,Africa,Urbanrate,42.72
Egypt,Africa,Wine Servings,1
El Salvador,North America,Happiness Score,6.07
El Salvador,North America,Alcconsumption,3.99
El Salvador,North America,Beer Servings,52
El Salvador,North America,Employrate,58.2
El Salvador,North America,Incomeperperson,"2,557.43"
El Salvador,North America,Spirit Servings,69
El Salvador,North America,Suicideper100Th,7.3
El Salvador,North America,Total Litres Of Pure Alcohol,2.2
El Salvador,North America,Urbanrate,60.7
El Salvador,North America,Wine Servings,2
Equatorial Guinea,Africa,Happiness Score,null
Equatorial Guinea,Africa,Alcconsumption,6.12
Equatorial Guinea,Africa,Beer Servings,92
Equatorial Guinea,Africa,Employrate,61.7
Equatorial Guinea,Africa,Incomeperperson,"8,654.54"
Equatorial Guinea,Africa,Spirit Servings,0
Equatorial Guinea,Africa,Suicideper100Th,10.13
Equatorial Guinea,Africa,Total Litres Of Pure Alcohol,5.8
Equatorial Guinea,Africa,Urbanrate,39.38
Equatorial Guinea,Africa,Wine Servings,233
Eritrea,Africa,Happiness Score,null
Eritrea,Africa,Alcconsumption,1.64
Eritrea,Africa,Beer Servings,18
Eritrea,Africa,Employrate,64.9
Eritrea,Africa,Incomeperperson,131.8
Eritrea,Africa,Spirit Servings,0
Eritrea,Africa,Suicideper100Th,8.91
Eritrea,Africa,Total Litres Of Pure Alcohol,0.5
Eritrea,Africa,Urbanrate,20.72
Eritrea,Africa,Wine Servings,0
Estonia,Europe,Happiness Score,5.52
Estonia,Europe,Alcconsumption,17.24
Estonia,Europe,Beer Servings,224
Estonia,Europe,Employrate,56.5
Estonia,Europe,Incomeperperson,"6,238.54"
Estonia,Europe,Spirit Servings,194
Estonia,Europe,Suicideper100Th,16.96
Estonia,Europe,Total Litres Of Pure Alcohol,9.5
Estonia,Europe,Urbanrate,69.46
Estonia,Europe,Wine Servings,59
Ethiopia,Africa,Happiness Score,null
Ethiopia,Africa,Alcconsumption,4.1
Ethiopia,Africa,Beer Servings,20
Ethiopia,Africa,Employrate,80.7
Ethiopia,Africa,Incomeperperson,220.89
Ethiopia,Africa,Spirit Servings,3
Ethiopia,Africa,Suicideper100Th,10.07
Ethiopia,Africa,Total Litres Of Pure Alcohol,0.7
Ethiopia,Africa,Urbanrate,17
Ethiopia,Africa,Wine Servings,0
Fiji,Oceania,Happiness Score,null
Fiji,Oceania,Alcconsumption,2.76
Fiji,Oceania,Beer Servings,77
Fiji,Oceania,Employrate,56.4
Fiji,Oceania,Incomeperperson,"2,230.68"
Fiji,Oceania,Spirit Servings,35
Fiji,Oceania,Suicideper100Th,3.94
Fiji,Oceania,Total Litres Of Pure Alcohol,2
Fiji,Oceania,Urbanrate,52.36
Fiji,Oceania,Wine Servings,1
Finland,Europe,Happiness Score,7.41
Finland,Europe,Alcconsumption,13.1
Finland,Europe,Beer Servings,263
Finland,Europe,Employrate,57.2
Finland,Europe,Incomeperperson,"27,110.73"
Finland,Europe,Spirit Servings,133
Finland,Europe,Suicideper100Th,16.23
Finland,Europe,Total Litres Of Pure Alcohol,10
Finland,Europe,Urbanrate,63.3
Finland,Europe,Wine Servings,97
France,Europe,Happiness Score,6.48
France,Europe,Alcconsumption,12.48
France,Europe,Beer Servings,127
France,Europe,Employrate,51.2
France,Europe,Incomeperperson,"22,878.47"
France,Europe,Spirit Servings,151
France,Europe,Suicideper100Th,14.09
France,Europe,Total Litres Of Pure Alcohol,11.8
France,Europe,Urbanrate,77.36
France,Europe,Wine Servings,370
Gabon,Africa,Happiness Score,4.12
Gabon,Africa,Alcconsumption,9.46
Gabon,Africa,Beer Servings,347
Gabon,Africa,Employrate,59
Gabon,Africa,Incomeperperson,"4,180.77"
Gabon,Africa,Spirit Servings,98
Gabon,Africa,Suicideper100Th,7.75
Gabon,Africa,Total Litres Of Pure Alcohol,8.9
Gabon,Africa,Urbanrate,85.04
Gabon,Africa,Wine Servings,59
Gambia,Africa,Happiness Score,null
Gambia,Africa,Alcconsumption,3.58
Gambia,Africa,Beer Servings,8
Gambia,Africa,Employrate,71.7
Gambia,Africa,Incomeperperson,354.6
Gambia,Africa,Spirit Servings,0
Gambia,Africa,Suicideper100Th,6.45
Gambia,Africa,Total Litres Of Pure Alcohol,2.4
Gambia,Africa,Urbanrate,56.42
Gambia,Africa,Wine Servings,1
Georgia,Europe,Happiness Score,4.25
Georgia,Europe,Alcconsumption,6.66
Georgia,Europe,Beer Servings,52
Georgia,Europe,Employrate,55.6
Georgia,Europe,Incomeperperson,"1,258.76"
Georgia,Europe,Spirit Servings,100
Georgia,Europe,Suicideper100Th,1.57
Georgia,Europe,Total Litres Of Pure Alcohol,5.4
Georgia,Europe,Urbanrate,52.74
Georgia,Europe,Wine Servings,149
Germany,Europe,Happiness Score,6.99
Germany,Europe,Alcconsumption,12.14
Germany,Europe,Beer Servings,346
Germany,Europe,Employrate,53.5
Germany,Europe,Incomeperperson,"25,306.19"
Germany,Europe,Spirit Servings,117
Germany,Europe,Suicideper100Th,9.21
Germany,Europe,Total Litres Of Pure Alcohol,11.3
Germany,Europe,Urbanrate,73.64
Germany,Europe,Wine Servings,175
Ghana,Africa,Happiness Score,4.28
Ghana,Africa,Alcconsumption,3.11
Ghana,Africa,Beer Servings,31
Ghana,Africa,Employrate,65.1
Ghana,Africa,Incomeperperson,358.98
Ghana,Africa,Spirit Servings,3
Ghana,Africa,Suicideper100Th,6.29
Ghana,Africa,Total Litres Of Pure Alcohol,1.8
Ghana,Africa,Urbanrate,50.02
Ghana,Africa,Wine Servings,10
Greece,Europe,Happiness Score,5.03
Greece,Europe,Alcconsumption,11.01
Greece,Europe,Beer Servings,133
Greece,Europe,Employrate,49.6
Greece,Europe,Incomeperperson,"13,577.88"
Greece,Europe,Spirit Servings,112
Greece,Europe,Suicideper100Th,2.82
Greece,Europe,Total Litres Of Pure Alcohol,8.3
Greece,Europe,Urbanrate,61
Greece,Europe,Wine Servings,218
Grenada,North America,Happiness Score,null
Grenada,North America,Alcconsumption,10.71
Grenada,North America,Beer Servings,199
Grenada,North America,Employrate,null
Grenada,North America,Incomeperperson,"5,330.40"
Grenada,North America,Spirit Servings,438
Grenada,North America,Suicideper100Th,3.58
Grenada,North America,Total Litres Of Pure Alcohol,11.9
Grenada,North America,Urbanrate,30.84
Grenada,North America,Wine Servings,28
Guatemala,North America,Happiness Score,6.32
Guatemala,North America,Alcconsumption,7.1
Guatemala,North America,Beer Servings,53
Guatemala,North America,Employrate,62.7
Guatemala,North America,Incomeperperson,"1,860.75"
Guatemala,North America,Spirit Servings,69
Guatemala,North America,Suicideper100Th,2.23
Guatemala,North America,Total Litres Of Pure Alcohol,2.2
Guatemala,North America,Urbanrate,48.58
Guatemala,North America,Wine Servings,2
Guinea,Africa,Happiness Score,null
Guinea,Africa,Alcconsumption,0.79
Guinea,Africa,Beer Servings,9
Guinea,Africa,Employrate,81.5
Guinea,Africa,Incomeperperson,411.5
Guinea,Africa,Spirit Servings,0
Guinea,Africa,Suicideper100Th,7.44
Guinea,Africa,Total Litres Of Pure Alcohol,0.2
Guinea,Africa,Urbanrate,34.44
Guinea,Africa,Wine Servings,2
Guinea-Bissau,Africa,Happiness Score,null
Guinea-Bissau,Africa,Alcconsumption,3.9
Guinea-Bissau,Africa,Beer Servings,28
Guinea-Bissau,Africa,Employrate,65.9
Guinea-Bissau,Africa,Incomeperperson,161.32
Guinea-Bissau,Africa,Spirit Servings,31
Guinea-Bissau,Africa,Suicideper100Th,7.56
Guinea-Bissau,Africa,Total Litres Of Pure Alcohol,2.5
Guinea-Bissau,Africa,Urbanrate,29.84
Guinea-Bissau,Africa,Wine Servings,21
Guyana,South America,Happiness Score,null
Guyana,South America,Alcconsumption,8.7
Guyana,South America,Beer Servings,93
Guyana,South America,Employrate,58.9
Guyana,South America,Incomeperperson,"1,200.65"
Guyana,South America,Spirit Servings,302
Guyana,South America,Suicideper100Th,35.75
Guyana,South America,Total Litres Of Pure Alcohol,7.1
Guyana,South America,Urbanrate,28.38
Guyana,South America,Wine Servings,1
Haiti,North America,Happiness Score,4.03
Haiti,North America,Alcconsumption,5.92
Haiti,North America,Beer Servings,1
Haiti,North America,Employrate,55.9
Haiti,North America,Incomeperperson,371.42
Haiti,North America,Spirit Servings,326
Haiti,North America,Suicideper100Th,1.52
Haiti,North America,Total Litres Of Pure Alcohol,5.9
Haiti,North America,Urbanrate,46.84
Haiti,North America,Wine Servings,1
Honduras,North America,Happiness Score,4.87
Honduras,North America,Alcconsumption,4.43
Honduras,North America,Beer Servings,69
Honduras,North America,Employrate,56.3
Honduras,North America,Incomeperperson,"1,392.41"
Honduras,North America,Spirit Servings,98
Honduras,North America,Suicideper100Th,7.06
Honduras,North America,Total Litres Of Pure Alcohol,3
Honduras,North America,Urbanrate,47.88
Honduras,North America,Wine Servings,2
Hungary,Europe,Happiness Score,5.15
Hungary,Europe,Alcconsumption,16.12
Hungary,Europe,Beer Servings,234
Hungary,Europe,Employrate,47.3
Hungary,Europe,Incomeperperson,"5,634.00"
Hungary,Europe,Spirit Servings,215
Hungary,Europe,Suicideper100Th,20.16
Hungary,Europe,Total Litres Of Pure Alcohol,11.3
Hungary,Europe,Urbanrate,67.5
Hungary,Europe,Wine Servings,185
Iceland,Europe,Happiness Score,7.5
Iceland,Europe,Alcconsumption,7.38
Iceland,Europe,Beer Servings,233
Iceland,Europe,Employrate,73.6
Iceland,Europe,Incomeperperson,"33,945.31"
Iceland,Europe,Spirit Servings,61
Iceland,Europe,Suicideper100Th,11.43
Iceland,Europe,Total Litres Of Pure Alcohol,6.6
Iceland,Europe,Urbanrate,92.26
Iceland,Europe,Wine Servings,78
India,Asia,Happiness Score,null
India,Asia,Alcconsumption,2.69
India,Asia,Beer Servings,9
India,Asia,Employrate,55.4
India,Asia,Incomeperperson,786.7
India,Asia,Spirit Servings,114
India,Asia,Suicideper100Th,18.58
India,Asia,Total Litres Of Pure Alcohol,2.2
India,Asia,Urbanrate,29.54
India,Asia,Wine Servings,0
Indonesia,Asia,Happiness Score,null
Indonesia,Asia,Alcconsumption,0.56
Indonesia,Asia,Beer Servings,5
Indonesia,Asia,Employrate,61.5
Indonesia,Asia,Incomeperperson,"1,143.83"
Indonesia,Asia,Spirit Servings,1
Indonesia,Asia,Suicideper100Th,11.4
Indonesia,Asia,Total Litres Of Pure Alcohol,0.1
Indonesia,Asia,Urbanrate,51.46
Indonesia,Asia,Wine Servings,0
Iran,Asia,Happiness Score,null
Iran,Asia,Alcconsumption,1.03
Iran,Asia,Beer Servings,0
Iran,Asia,Employrate,47.8
Iran,Asia,Incomeperperson,"2,161.55"
Iran,Asia,Spirit Servings,0
Iran,Asia,Suicideper100Th,6.02
Iran,Asia,Total Litres Of Pure Alcohol,0
Iran,Asia,Urbanrate,68.46
Iran,Asia,Wine Servings,0
Iraq,Asia,Happiness Score,null
Iraq,Asia,Alcconsumption,0.47
Iraq,Asia,Beer Servings,9
Iraq,Asia,Employrate,37.4
Iraq,Asia,Incomeperperson,736.27
Iraq,Asia,Spirit Servings,3
Iraq,Asia,Suicideper100Th,17.03
Iraq,Asia,Total Litres Of Pure Alcohol,0.2
Iraq,Asia,Urbanrate,66.6
Iraq,Asia,Wine Servings,0
Ireland,Europe,Happiness Score,6.91
Ireland,Europe,Alcconsumption,14.92
Ireland,Europe,Beer Servings,313
Ireland,Europe,Employrate,59.9
Ireland,Europe,Incomeperperson,"27,595.09"
Ireland,Europe,Spirit Servings,118
Ireland,Europe,Suicideper100Th,10.37
Ireland,Europe,Total Litres Of Pure Alcohol,11.4
Ireland,Europe,Urbanrate,61.34
Ireland,Europe,Wine Servings,165
Israel,Asia,Happiness Score,7.27
Israel,Asia,Alcconsumption,2.52
Israel,Asia,Beer Servings,63
Israel,Asia,Employrate,51.3
Israel,Asia,Incomeperperson,"22,275.75"
Israel,Asia,Spirit Servings,69
Israel,Asia,Suicideper100Th,5.93
Israel,Asia,Total Litres Of Pure Alcohol,2.5
Israel,Asia,Urbanrate,91.66
Israel,Asia,Wine Servings,9
Italy,Europe,Happiness Score,5.98
Italy,Europe,Alcconsumption,9.72
Italy,Europe,Beer Servings,85
Italy,Europe,Employrate,46.4
Italy,Europe,Incomeperperson,"18,982.27"
Italy,Europe,Spirit Servings,42
Italy,Europe,Suicideper100Th,4.93
Italy,Europe,Total Litres Of Pure Alcohol,6.5
Italy,Europe,Urbanrate,68.08
Italy,Europe,Wine Servings,237
Jamaica,North America,Happiness Score,5.51
Jamaica,North America,Alcconsumption,5.17
Jamaica,North America,Beer Servings,82
Jamaica,North America,Employrate,58.2
Jamaica,North America,Incomeperperson,"3,665.35"
Jamaica,North America,Spirit Servings,97
Jamaica,North America,Suicideper100Th,4.42
Jamaica,North America,Total Litres Of Pure Alcohol,3.4
Jamaica,North America,Urbanrate,53.3
Jamaica,North America,Wine Servings,9
Japan,Asia,Happiness Score,5.92
Japan,Asia,Alcconsumption,7.79
Japan,Asia,Beer Servings,77
Japan,Asia,Employrate,57.3
Japan,Asia,Incomeperperson,"39,309.48"
Japan,Asia,Spirit Servings,202
Japan,Asia,Suicideper100Th,18.95
Japan,Asia,Total Litres Of Pure Alcohol,7
Japan,Asia,Urbanrate,66.48
Japan,Asia,Wine Servings,16
Jordan,Asia,Happiness Score,5.3
Jordan,Asia,Alcconsumption,0.65
Jordan,Asia,Beer Servings,6
Jordan,Asia,Employrate,38.9
Jordan,Asia,Incomeperperson,"2,534.00"
Jordan,Asia,Spirit Servings,21
Jordan,Asia,Suicideper100Th,0.2
Jordan,Asia,Total Litres Of Pure Alcohol,0.5
Jordan,Asia,Urbanrate,78.42
Jordan,Asia,Wine Servings,1
Kazakhstan,Asia,Happiness Score,5.92
Kazakhstan,Asia,Alcconsumption,11.1
Kazakhstan,Asia,Beer Servings,124
Kazakhstan,Asia,Employrate,63.7
Kazakhstan,Asia,Incomeperperson,"2,481.72"
Kazakhstan,Asia,Spirit Servings,246
Kazakhstan,Asia,Suicideper100Th,25.4
Kazakhstan,Asia,Total Litres Of Pure Alcohol,6.8
Kazakhstan,Asia,Urbanrate,57.94
Kazakhstan,Asia,Wine Servings,12
Kenya,Africa,Happiness Score,4.36
Kenya,Africa,Alcconsumption,3.88
Kenya,Africa,Beer Servings,58
Kenya,Africa,Employrate,73.2
Kenya,Africa,Incomeperperson,468.7
Kenya,Africa,Spirit Servings,22
Kenya,Africa,Suicideper100Th,10.94
Kenya,Africa,Total Litres Of Pure Alcohol,1.8
Kenya,Africa,Urbanrate,21.6
Kenya,Africa,Wine Servings,2
Kiribati,Oceania,Happiness Score,null
Kiribati,Oceania,Alcconsumption,2.7
Kiribati,Oceania,Beer Servings,21
Kiribati,Oceania,Employrate,null
Kiribati,Oceania,Incomeperperson,760.26
Kiribati,Oceania,Spirit Servings,34
Kiribati,Oceania,Suicideper100Th,null
Kiribati,Oceania,Total Litres Of Pure Alcohol,1
Kiribati,Oceania,Urbanrate,43.84
Kiribati,Oceania,Wine Servings,1
Kuwait,Asia,Happiness Score,null
Kuwait,Asia,Alcconsumption,0.1
Kuwait,Asia,Beer Servings,0
Kuwait,Asia,Employrate,65.7
Kuwait,Asia,Incomeperperson,null
Kuwait,Asia,Spirit Servings,0
Kuwait,Asia,Suicideper100Th,1.5
Kuwait,Asia,Total Litres Of Pure Alcohol,0
Kuwait,Asia,Urbanrate,98.36
Kuwait,Asia,Wine Servings,0
Kyrgyzstan,Asia,Happiness Score,5.19
Kyrgyzstan,Asia,Alcconsumption,4.72
Kyrgyzstan,Asia,Beer Servings,31
Kyrgyzstan,Asia,Employrate,58.9
Kyrgyzstan,Asia,Incomeperperson,372.73
Kyrgyzstan,Asia,Spirit Servings,97
Kyrgyzstan,Asia,Suicideper100Th,9.88
Kyrgyzstan,Asia,Total Litres Of Pure Alcohol,2.4
Kyrgyzstan,Asia,Urbanrate,36.28
Kyrgyzstan,Asia,Wine Servings,6
Laos,Asia,Happiness Score,null
Laos,Asia,Alcconsumption,6.99
Laos,Asia,Beer Servings,62
Laos,Asia,Employrate,78.2
Laos,Asia,Incomeperperson,554.88
Laos,Asia,Spirit Servings,0
Laos,Asia,Suicideper100Th,26.22
Laos,Asia,Total Litres Of Pure Alcohol,6.2
Laos,Asia,Urbanrate,30.88
Laos,Asia,Wine Servings,123
Latvia,Europe,Happiness Score,5.56
Latvia,Europe,Alcconsumption,13.45
Latvia,Europe,Beer Servings,281
Latvia,Europe,Employrate,56.8
Latvia,Europe,Incomeperperson,"5,011.22"
Latvia,Europe,Spirit Servings,216
Latvia,Europe,Suicideper100Th,20.37
Latvia,Europe,Total Litres Of Pure Alcohol,10.5
Latvia,Europe,Urbanrate,68.12
Latvia,Europe,Wine Servings,62
Lebanon,Asia,Happiness Score,5.13
Lebanon,Asia,Alcconsumption,2.3
Lebanon,Asia,Beer Servings,20
Lebanon,Asia,Employrate,46
Lebanon,Asia,Incomeperperson,"6,746.61"
Lebanon,Asia,Spirit Servings,55
Lebanon,Asia,Suicideper100Th,5.84
Lebanon,Asia,Total Litres Of Pure Alcohol,1.9
Lebanon,Asia,Urbanrate,86.96
Lebanon,Asia,Wine Servings,31
Lesotho,Africa,Happiness Score,null
Lesotho,Africa,Alcconsumption,5.56
Lesotho,Africa,Beer Servings,82
Lesotho,Africa,Employrate,56.3
Lesotho,Africa,Incomeperperson,495.73
Lesotho,Africa,Spirit Servings,29
Lesotho,Africa,Suicideper100Th,7.86
Lesotho,Africa,Total Litres Of Pure Alcohol,2.8
Lesotho,Africa,Urbanrate,25.46
Lesotho,Africa,Wine Servings,0
Liberia,Africa,Happiness Score,3.62
Liberia,Africa,Alcconsumption,5.07
Liberia,Africa,Beer Servings,19
Liberia,Africa,Employrate,66
Liberia,Africa,Incomeperperson,155.03
Liberia,Africa,Spirit Servings,152
Liberia,Africa,Suicideper100Th,7.18
Liberia,Africa,Total Litres Of Pure Alcohol,3.1
Liberia,Africa,Urbanrate,60.14
Liberia,Africa,Wine Servings,2
Libya,Africa,Happiness Score,null
Libya,Africa,Alcconsumption,0.1
Libya,Africa,Beer Servings,0
Libya,Africa,Employrate,48.6
Libya,Africa,Incomeperperson,"7,885.47"
Libya,Africa,Spirit Servings,0
Libya,Africa,Suicideper100Th,4.67
Libya,Africa,Total Litres Of Pure Alcohol,0
Libya,Africa,Urbanrate,77.54
Libya,Africa,Wine Servings,0
Lithuania,Europe,Happiness Score,5.81
Lithuania,Europe,Alcconsumption,16.3
Lithuania,Europe,Beer Servings,343
Lithuania,Europe,Employrate,53.1
Lithuania,Europe,Incomeperperson,"5,332.24"
Lithuania,Europe,Spirit Servings,244
Lithuania,Europe,Suicideper100Th,33.34
Lithuania,Europe,Total Litres Of Pure Alcohol,12.9
Lithuania,Europe,Urbanrate,66.96
Lithuania,Europe,Wine Servings,56
Luxembourg,Europe,Happiness Score,6.87
Luxembourg,Europe,Alcconsumption,12.84
Luxembourg,Europe,Beer Servings,236
Luxembourg,Europe,Employrate,53.5
Luxembourg,Europe,Incomeperperson,"52,301.59"
Luxembourg,Europe,Spirit Servings,133
Luxembourg,Europe,Suicideper100Th,12.41
Luxembourg,Europe,Total Litres Of Pure Alcohol,11.4
Luxembourg,Europe,Urbanrate,82.44
Luxembourg,Europe,Wine Servings,271
Macedonia,Europe,Happiness Score,5.12
Macedonia,Europe,Alcconsumption,null
Macedonia,Europe,Beer Servings,106
Macedonia,Europe,Employrate,null
Macedonia,Europe,Incomeperperson,null
Macedonia,Europe,Spirit Servings,27
Macedonia,Europe,Suicideper100Th,null
Macedonia,Europe,Total Litres Of Pure Alcohol,3.9
Macedonia,Europe,Urbanrate,null
Macedonia,Europe,Wine Servings,86
Madagascar,Africa,Happiness Score,3.7
Madagascar,Africa,Alcconsumption,1.32
Madagascar,Africa,Beer Servings,26
Madagascar,Africa,Employrate,83
Madagascar,Africa,Incomeperperson,242.68
Madagascar,Africa,Spirit Servings,15
Madagascar,Africa,Suicideper100Th,5.77
Madagascar,Africa,Total Litres Of Pure Alcohol,0.8
Madagascar,Africa,Urbanrate,29.52
Madagascar,Africa,Wine Servings,4
Malawi,Africa,Happiness Score,4.16
Malawi,Africa,Alcconsumption,1.44
Malawi,Africa,Beer Servings,8
Malawi,Africa,Employrate,71.8
Malawi,Africa,Incomeperperson,184.14
Malawi,Africa,Spirit Servings,11
Malawi,Africa,Suicideper100Th,10.17
Malawi,Africa,Total Litres Of Pure Alcohol,1.5
Malawi,Africa,Urbanrate,18.8
Malawi,Africa,Wine Servings,1
Malaysia,Asia,Happiness Score,null
Malaysia,Asia,Alcconsumption,0.87
Malaysia,Asia,Beer Servings,13
Malaysia,Asia,Employrate,60.5
Malaysia,Asia,Incomeperperson,"5,184.71"
Malaysia,Asia,Spirit Servings,4
Malaysia,Asia,Suicideper100Th,8.21
Malaysia,Asia,Total Litres Of Pure Alcohol,0.3
Malaysia,Asia,Urbanrate,70.36
Malaysia,Asia,Wine Servings,0
Maldives,Asia,Happiness Score,null
Maldives,Asia,Alcconsumption,null
Maldives,Asia,Beer Servings,0
Maldives,Asia,Employrate,56.9
Maldives,Asia,Incomeperperson,"4,038.86"
Maldives,Asia,Spirit Servings,0
Maldives,Asia,Suicideper100Th,22.35
Maldives,Asia,Total Litres Of Pure Alcohol,0
Maldives,Asia,Urbanrate,37.86
Maldives,Asia,Wine Servings,0
Mali,Africa,Happiness Score,4.07
Mali,Africa,Alcconsumption,0.99
Mali,Africa,Beer Servings,5
Mali,Africa,Employrate,45.7
Mali,Africa,Incomeperperson,269.89
Mali,Africa,Spirit Servings,1
Mali,Africa,Suicideper100Th,8.26
Mali,Africa,Total Litres Of Pure Alcohol,0.6
Mali,Africa,Urbanrate,32.18
Mali,Africa,Wine Servings,1
Malta,Europe,Happiness Score,6.49
Malta,Europe,Alcconsumption,4.1
Malta,Europe,Beer Servings,149
Malta,Europe,Employrate,46.8
Malta,Europe,Incomeperperson,"11,066.78"
Malta,Europe,Spirit Servings,100
Malta,Europe,Suicideper100Th,4.55
Malta,Europe,Total Litres Of Pure Alcohol,6.6
Malta,Europe,Urbanrate,94.26
Malta,Europe,Wine Servings,120
Marshall Islands,Oceania,Happiness Score,null
Marshall Islands,Oceania,Alcconsumption,null
Marshall Islands,Oceania,Beer Servings,0
Marshall Islands,Oceania,Employrate,null
Marshall Islands,Oceania,Incomeperperson,"2,437.28"
Marshall Islands,Oceania,Spirit Servings,0
Marshall Islands,Oceania,Suicideper100Th,7.2
Marshall Islands,Oceania,Total Litres Of Pure Alcohol,0
Marshall Islands,Oceania,Urbanrate,71.08
Marshall Islands,Oceania,Wine Servings,0
Mauritania,Africa,Happiness Score,null
Mauritania,Africa,Alcconsumption,0.11
Mauritania,Africa,Beer Servings,0
Mauritania,Africa,Employrate,46.9
Mauritania,Africa,Incomeperperson,609.13
Mauritania,Africa,Spirit Servings,0
Mauritania,Africa,Suicideper100Th,6.88
Mauritania,Africa,Total Litres Of Pure Alcohol,0
Mauritania,Africa,Urbanrate,41
Mauritania,Africa,Wine Servings,0
Mauritius,Africa,Happiness Score,5.65
Mauritius,Africa,Alcconsumption,3.53
Mauritius,Africa,Beer Servings,98
Mauritius,Africa,Employrate,54.5
Mauritius,Africa,Incomeperperson,"5,182.14"
Mauritius,Africa,Spirit Servings,31
Mauritius,Africa,Suicideper100Th,8.08
Mauritius,Africa,Total Litres Of Pure Alcohol,2.6
Mauritius,Africa,Urbanrate,42.48
Mauritius,Africa,Wine Servings,18
Mexico,North America,Happiness Score,6.78
Mexico,North America,Alcconsumption,8.55
Mexico,North America,Beer Servings,238
Mexico,North America,Employrate,57.9
Mexico,North America,Incomeperperson,"6,105.28"
Mexico,North America,Spirit Servings,68
Mexico,North America,Suicideper100Th,4.29
Mexico,North America,Total Litres Of Pure Alcohol,5.5
Mexico,North America,Urbanrate,77.2
Mexico,North America,Wine Servings,5
Micronesia,Oceania,Happiness Score,null
Micronesia,Oceania,Alcconsumption,5.25
Micronesia,Oceania,Beer Servings,62
Micronesia,Oceania,Employrate,null
Micronesia,Oceania,Incomeperperson,"2,146.36"
Micronesia,Oceania,Spirit Servings,50
Micronesia,Oceania,Suicideper100Th,4.76
Micronesia,Oceania,Total Litres Of Pure Alcohol,2.3
Micronesia,Oceania,Urbanrate,22.54
Micronesia,Oceania,Wine Servings,18
Moldova,Europe,Happiness Score,5.9
Moldova,Europe,Alcconsumption,null
Moldova,Europe,Beer Servings,109
Moldova,Europe,Employrate,null
Moldova,Europe,Incomeperperson,null
Moldova,Europe,Spirit Servings,226
Moldova,Europe,Suicideper100Th,null
Moldova,Europe,Total Litres Of Pure Alcohol,6.3
Moldova,Europe,Urbanrate,null
Moldova,Europe,Wine Servings,18
Monaco,Europe,Happiness Score,null
Monaco,Europe,Alcconsumption,null
Monaco,Europe,Beer Servings,0
Monaco,Europe,Employrate,null
Monaco,Europe,Incomeperperson,"105,147.44"
Monaco,Europe,Spirit Servings,0
Monaco,Europe,Suicideper100Th,11.15
Monaco,Europe,Total Litres Of Pure Alcohol,0
Monaco,Europe,Urbanrate,100
Monaco,Europe,Wine Servings,0
Mongolia,Asia,Happiness Score,4.91
Mongolia,Asia,Alcconsumption,3.41
Mongolia,Asia,Beer Servings,77
Mongolia,Asia,Employrate,52.1
Mongolia,Asia,Incomeperperson,772.93
Mongolia,Asia,Spirit Servings,189
Mongolia,Asia,Suicideper100Th,13.09
Mongolia,Asia,Total Litres Of Pure Alcohol,4.9
Mongolia,Asia,Urbanrate,57.18
Mongolia,Asia,Wine Servings,8
Montenegro,Europe,Happiness Score,5.16
Montenegro,Europe,Alcconsumption,null
Montenegro,Europe,Beer Servings,31
Montenegro,Europe,Employrate,null
Montenegro,Europe,Incomeperperson,"2,222.34"
Montenegro,Europe,Spirit Servings,114
Montenegro,Europe,Suicideper100Th,null
Montenegro,Europe,Total Litres Of Pure Alcohol,4.9
Montenegro,Europe,Urbanrate,60.18
Montenegro,Europe,Wine Servings,128
Morocco,Africa,Happiness Score,5.15
Morocco,Africa,Alcconsumption,1.24
Morocco,Africa,Beer Servings,12
Morocco,Africa,Employrate,46.2
Morocco,Africa,Incomeperperson,"1,844.35"
Morocco,Africa,Spirit Servings,6
Morocco,Africa,Suicideper100Th,2.11
Morocco,Africa,Total Litres Of Pure Alcohol,0.5
Morocco,Africa,Urbanrate,56.02
Morocco,Africa,Wine Servings,10
Mozambique,Africa,Happiness Score,null
Mozambique,Africa,Alcconsumption,2.27
Mozambique,Africa,Beer Servings,47
Mozambique,Africa,Employrate,77
Mozambique,Africa,Incomeperperson,389.76
Mozambique,Africa,Spirit Servings,18
Mozambique,Africa,Suicideper100Th,10.55
Mozambique,Africa,Total Litres Of Pure Alcohol,1.3
Mozambique,Africa,Urbanrate,36.84
Mozambique,Africa,Wine Servings,5
Myanmar,Asia,Happiness Score,null
Myanmar,Asia,Alcconsumption,0.58
Myanmar,Asia,Beer Servings,5
Myanmar,Asia,Employrate,74.7
Myanmar,Asia,Incomeperperson,null
Myanmar,Asia,Spirit Servings,1
Myanmar,Asia,Suicideper100Th,10.11
Myanmar,Asia,Total Litres Of Pure Alcohol,0.1
Myanmar,Asia,Urbanrate,32.58
Myanmar,Asia,Wine Servings,0
Namibia,Africa,Happiness Score,4.57
Namibia,Africa,Alcconsumption,12.09
Namibia,Africa,Beer Servings,376
Namibia,Africa,Employrate,42
Namibia,Africa,Incomeperperson,"2,667.25"
Namibia,Africa,Spirit Servings,3
Namibia,Africa,Suicideper100Th,8.02
Namibia,Africa,Total Litres Of Pure Alcohol,6.8
Namibia,Africa,Urbanrate,36.84
Namibia,Africa,Wine Servings,1
Nauru,Oceania,Happiness Score,null
Nauru,Oceania,Alcconsumption,4.81
Nauru,Oceania,Beer Servings,49
Nauru,Oceania,Employrate,null
Nauru,Oceania,Incomeperperson,null
Nauru,Oceania,Spirit Servings,0
Nauru,Oceania,Suicideper100Th,4.08
Nauru,Oceania,Total Litres Of Pure Alcohol,1
Nauru,Oceania,Urbanrate,null
Nauru,Oceania,Wine Servings,8
Nepal,Asia,Happiness Score,null
Nepal,Asia,Alcconsumption,2.42
Nepal,Asia,Beer Servings,5
Nepal,Asia,Employrate,61.8
Nepal,Asia,Incomeperperson,268.26
Nepal,Asia,Spirit Servings,6
Nepal,Asia,Suicideper100Th,11.66
Nepal,Asia,Total Litres Of Pure Alcohol,0.2
Nepal,Asia,Urbanrate,17.24
Nepal,Asia,Wine Servings,0
Netherlands,Europe,Happiness Score,7.34
Netherlands,Europe,Alcconsumption,9.75
Netherlands,Europe,Beer Servings,251
Netherlands,Europe,Employrate,61.3
Netherlands,Europe,Incomeperperson,"26,551.84"
Netherlands,Europe,Spirit Servings,88
Netherlands,Europe,Suicideper100Th,8.16
Netherlands,Europe,Total Litres Of Pure Alcohol,9.4
Netherlands,Europe,Urbanrate,81.82
Netherlands,Europe,Wine Servings,190
New Zealand,Oceania,Happiness Score,7.33
New Zealand,Oceania,Alcconsumption,9.99
New Zealand,Oceania,Beer Servings,203
New Zealand,Oceania,Employrate,65
New Zealand,Oceania,Incomeperperson,"14,778.16"
New Zealand,Oceania,Spirit Servings,79
New Zealand,Oceania,Suicideper100Th,12.18
New Zealand,Oceania,Total Litres Of Pure Alcohol,9.3
New Zealand,Oceania,Urbanrate,86.56
New Zealand,Oceania,Wine Servings,175
Nicaragua,North America,Happiness Score,5.99
Nicaragua,North America,Alcconsumption,5.21
Nicaragua,North America,Beer Servings,78
Nicaragua,North America,Employrate,58.8
Nicaragua,North America,Incomeperperson,948.36
Nicaragua,North America,Spirit Servings,118
Nicaragua,North America,Suicideper100Th,12.12
Nicaragua,North America,Total Litres Of Pure Alcohol,3.5
Nicaragua,North America,Urbanrate,56.74
Nicaragua,North America,Wine Servings,1
Niger,Africa,Happiness Score,3.86
Niger,Africa,Alcconsumption,0.34
Niger,Africa,Beer Servings,3
Niger,Africa,Employrate,60.4
Niger,Africa,Incomeperperson,180.08
Niger,Africa,Spirit Servings,2
Niger,Africa,Suicideper100Th,9.26
Niger,Africa,Total Litres Of Pure Alcohol,0.1
Niger,Africa,Urbanrate,16.54
Niger,Africa,Wine Servings,1
Nigeria,Africa,Happiness Score,4.88
Nigeria,Africa,Alcconsumption,12.72
Nigeria,Africa,Beer Servings,42
Nigeria,Africa,Employrate,50.9
Nigeria,Africa,Incomeperperson,544.6
Nigeria,Africa,Spirit Servings,5
Nigeria,Africa,Suicideper100Th,7.63
Nigeria,Africa,Total Litres Of Pure Alcohol,9.1
Nigeria,Africa,Urbanrate,48.36
Nigeria,Africa,Wine Servings,2
Niue,Oceania,Happiness Score,null
Niue,Oceania,Alcconsumption,8.69
Niue,Oceania,Beer Servings,188
Niue,Oceania,Employrate,null
Niue,Oceania,Incomeperperson,null
Niue,Oceania,Spirit Servings,200
Niue,Oceania,Suicideper100Th,4.22
Niue,Oceania,Total Litres Of Pure Alcohol,7
Niue,Oceania,Urbanrate,null
Niue,Oceania,Wine Servings,7
North Korea,Asia,Happiness Score,null
North Korea,Asia,Alcconsumption,null
North Korea,Asia,Beer Servings,0
North Korea,Asia,Employrate,64.6
North Korea,Asia,Incomeperperson,null
North Korea,Asia,Spirit Servings,0
North Korea,Asia,Suicideper100Th,4.74
North Korea,Asia,Total Litres Of Pure Alcohol,0
North Korea,Asia,Urbanrate,62.68
North Korea,Asia,Wine Servings,0
Norway,Europe,Happiness Score,7.5
Norway,Europe,Alcconsumption,8.35
Norway,Europe,Beer Servings,169
Norway,Europe,Employrate,65
Norway,Europe,Incomeperperson,"39,972.35"
Norway,Europe,Spirit Servings,71
Norway,Europe,Suicideper100Th,10.82
Norway,Europe,Total Litres Of Pure Alcohol,6.7
Norway,Europe,Urbanrate,77.48
Norway,Europe,Wine Servings,129
Oman,Asia,Happiness Score,null
Oman,Asia,Alcconsumption,0.92
Oman,Asia,Beer Servings,22
Oman,Asia,Employrate,50.7
Oman,Asia,Incomeperperson,"11,191.81"
Oman,Asia,Spirit Servings,16
Oman,Asia,Suicideper100Th,3.72
Oman,Asia,Total Litres Of Pure Alcohol,0.7
Oman,Asia,Urbanrate,71.62
Oman,Asia,Wine Servings,1
Pakistan,Asia,Happiness Score,null
Pakistan,Asia,Alcconsumption,0.05
Pakistan,Asia,Beer Servings,0
Pakistan,Asia,Employrate,51
Pakistan,Asia,Incomeperperson,668.55
Pakistan,Asia,Spirit Servings,0
Pakistan,Asia,Suicideper100Th,12.87
Pakistan,Asia,Total Litres Of Pure Alcohol,0
Pakistan,Asia,Urbanrate,36.16
Pakistan,Asia,Wine Servings,0
Palau,Oceania,Happiness Score,null
Palau,Oceania,Alcconsumption,9.86
Palau,Oceania,Beer Servings,306
Palau,Oceania,Employrate,null
Palau,Oceania,Incomeperperson,"6,243.57"
Palau,Oceania,Spirit Servings,63
Palau,Oceania,Suicideper100Th,5.55
Palau,Oceania,Total Litres Of Pure Alcohol,6.9
Palau,Oceania,Urbanrate,80.46
Palau,Oceania,Wine Servings,23
Panama,North America,Happiness Score,6.7
Panama,North America,Alcconsumption,7.3
Panama,North America,Beer Servings,285
Panama,North America,Employrate,59.8
Panama,North America,Incomeperperson,"5,900.62"
Panama,North America,Spirit Servings,104
Panama,North America,Suicideper100Th,6.11
Panama,North America,Total Litres Of Pure Alcohol,7.2
Panama,North America,Urbanrate,73.2
Panama,North America,Wine Servings,18
Papua New Guinea,Oceania,Happiness Score,null
Papua New Guinea,Oceania,Alcconsumption,3.64
Papua New Guinea,Oceania,Beer Servings,44
Papua New Guinea,Oceania,Employrate,70.4
Papua New Guinea,Oceania,Incomeperperson,744.24
Papua New Guinea,Oceania,Spirit Servings,39
Papua New Guinea,Oceania,Suicideper100Th,11.96
Papua New Guinea,Oceania,Total Litres Of Pure Alcohol,1.5
Papua New Guinea,Oceania,Urbanrate,12.54
Papua New Guinea,Oceania,Wine Servings,1
Paraguay,South America,Happiness Score,5.54
Paraguay,South America,Alcconsumption,7.91
Paraguay,South America,Beer Servings,213
Paraguay,South America,Employrate,73.1
Paraguay,South America,Incomeperperson,"1,621.18"
Paraguay,South America,Spirit Servings,117
Paraguay,South America,Suicideper100Th,4.41
Paraguay,South America,Total Litres Of Pure Alcohol,7.3
Paraguay,South America,Urbanrate,60.3
Paraguay,South America,Wine Servings,74
Peru,South America,Happiness Score,5.74
Peru,South America,Alcconsumption,6.53
Peru,South America,Beer Servings,163
Peru,South America,Employrate,68.3
Peru,South America,Incomeperperson,"3,180.43"
Peru,South America,Spirit Servings,160
Peru,South America,Suicideper100Th,1.66
Peru,South America,Total Litres Of Pure Alcohol,6.1
Peru,South America,Urbanrate,71.4
Peru,South America,Wine Servings,21
Philippines,Asia,Happiness Score,5.28
Philippines,Asia,Alcconsumption,6.08
Philippines,Asia,Beer Servings,71
Philippines,Asia,Employrate,61
Philippines,Asia,Incomeperperson,"1,383.40"
Philippines,Asia,Spirit Servings,186
Philippines,Asia,Suicideper100Th,1.92
Philippines,Asia,Total Litres Of Pure Alcohol,4.6
Philippines,Asia,Urbanrate,64.92
Philippines,Asia,Wine Servings,1
Poland,Europe,Happiness Score,5.84
Poland,Europe,Alcconsumption,14.43
Poland,Europe,Beer Servings,343
Poland,Europe,Employrate,48.7
Poland,Europe,Incomeperperson,"6,575.75"
Poland,Europe,Spirit Servings,215
Poland,Europe,Suicideper100Th,13.64
Poland,Europe,Total Litres Of Pure Alcohol,10.9
Poland,Europe,Urbanrate,61.32
Poland,Europe,Wine Servings,56
Portugal,Europe,Happiness Score,5.12
Portugal,Europe,Alcconsumption,13.89
Portugal,Europe,Beer Servings,194
Portugal,Europe,Employrate,57.6
Portugal,Europe,Incomeperperson,"11,744.83"
Portugal,Europe,Spirit Servings,67
Portugal,Europe,Suicideper100Th,8.19
Portugal,Europe,Total Litres Of Pure Alcohol,11
Portugal,Europe,Urbanrate,59.46
Portugal,Europe,Wine Servings,339
Qatar,Asia,Happiness Score,6.38
Qatar,Asia,Alcconsumption,1.29
Qatar,Asia,Beer Servings,1
Qatar,Asia,Employrate,76
Qatar,Asia,Incomeperperson,"33,931.83"
Qatar,Asia,Spirit Servings,42
Qatar,Asia,Suicideper100Th,2.52
Qatar,Asia,Total Litres Of Pure Alcohol,0.9
Qatar,Asia,Urbanrate,95.64
Qatar,Asia,Wine Servings,7
Romania,Europe,Happiness Score,5.53
Romania,Europe,Alcconsumption,16.15
Romania,Europe,Beer Servings,297
Romania,Europe,Employrate,49.5
Romania,Europe,Incomeperperson,"2,636.79"
Romania,Europe,Spirit Servings,122
Romania,Europe,Suicideper100Th,10.06
Romania,Europe,Total Litres Of Pure Alcohol,10.4
Romania,Europe,Urbanrate,54.24
Romania,Europe,Wine Servings,167
Russia,Europe,Happiness Score,5.86
Russia,Europe,Alcconsumption,16.23
Russia,Europe,Beer Servings,247
Russia,Europe,Employrate,58.8
Russia,Europe,Incomeperperson,"2,923.14"
Russia,Europe,Spirit Servings,326
Russia,Europe,Suicideper100Th,27.87
Russia,Europe,Total Litres Of Pure Alcohol,11.5
Russia,Europe,Urbanrate,72.84
Russia,Europe,Wine Servings,73
Rwanda,Africa,Happiness Score,null
Rwanda,Africa,Alcconsumption,9.99
Rwanda,Africa,Beer Servings,43
Rwanda,Africa,Employrate,79.8
Rwanda,Africa,Incomeperperson,338.27
Rwanda,Africa,Spirit Servings,2
Rwanda,Africa,Suicideper100Th,13.12
Rwanda,Africa,Total Litres Of Pure Alcohol,6.8
Rwanda,Africa,Urbanrate,18.34
Rwanda,Africa,Wine Servings,0
S. Sudan,Africa,Happiness Score,null
S. Sudan,Africa,Alcconsumption,2.56
S. Sudan,Africa,Beer Servings,8
S. Sudan,Africa,Employrate,47.3
S. Sudan,Africa,Incomeperperson,523.95
S. Sudan,Africa,Spirit Servings,13
S. Sudan,Africa,Suicideper100Th,9.71
S. Sudan,Africa,Total Litres Of Pure Alcohol,1.7
S. Sudan,Africa,Urbanrate,43.44
S. Sudan,Africa,Wine Servings,0
Samoa,Oceania,Happiness Score,null
Samoa,Oceania,Alcconsumption,4.51
Samoa,Oceania,Beer Servings,105
Samoa,Oceania,Employrate,null
Samoa,Oceania,Incomeperperson,"1,784.07"
Samoa,Oceania,Spirit Servings,18
Samoa,Oceania,Suicideper100Th,5.54
Samoa,Oceania,Total Litres Of Pure Alcohol,2.6
Samoa,Oceania,Urbanrate,23
Samoa,Oceania,Wine Servings,24
San Marino,Europe,Happiness Score,null
San Marino,Europe,Alcconsumption,null
San Marino,Europe,Beer Servings,0
San Marino,Europe,Employrate,null
San Marino,Europe,Incomeperperson,"31,993.20"
San Marino,Europe,Spirit Servings,0
San Marino,Europe,Suicideper100Th,6.09
San Marino,Europe,Total Litres Of Pure Alcohol,0
San Marino,Europe,Urbanrate,94.22
San Marino,Europe,Wine Servings,0
Sao Tome & Principe,Africa,Happiness Score,null
Sao Tome & Principe,Africa,Alcconsumption,8.45
Sao Tome & Principe,Africa,Beer Servings,56
Sao Tome & Principe,Africa,Employrate,null
Sao Tome & Principe,Africa,Incomeperperson,null
Sao Tome & Principe,Africa,Spirit Servings,38
Sao Tome & Principe,Africa,Suicideper100Th,10.49
Sao Tome & Principe,Africa,Total Litres Of Pure Alcohol,4.2
Sao Tome & Principe,Africa,Urbanrate,60.56
Sao Tome & Principe,Africa,Wine Servings,140
Saudi Arabia,Asia,Happiness Score,null
Saudi Arabia,Asia,Alcconsumption,0.34
Saudi Arabia,Asia,Beer Servings,0
Saudi Arabia,Asia,Employrate,51.2
Saudi Arabia,Asia,Incomeperperson,"9,425.33"
Saudi Arabia,Asia,Spirit Servings,5
Saudi Arabia,Asia,Suicideper100Th,6.4
Saudi Arabia,Asia,Total Litres Of Pure Alcohol,0.1
Saudi Arabia,Asia,Urbanrate,82.42
Saudi Arabia,Asia,Wine Servings,0
Senegal,Africa,Happiness Score,4.22
Senegal,Africa,Alcconsumption,0.51
Senegal,Africa,Beer Servings,9
Senegal,Africa,Employrate,65.6
Senegal,Africa,Incomeperperson,561.71
Senegal,Africa,Spirit Servings,1
Senegal,Africa,Suicideper100Th,6.81
Senegal,Africa,Total Litres Of Pure Alcohol,0.3
Senegal,Africa,Urbanrate,42.38
Senegal,Africa,Wine Servings,7
Serbia,Europe,Happiness Score,5.18
Serbia,Europe,Alcconsumption,12.21
Serbia,Europe,Beer Servings,283
Serbia,Europe,Employrate,null
Serbia,Europe,Incomeperperson,"1,194.71"
Serbia,Europe,Spirit Servings,131
Serbia,Europe,Suicideper100Th,13.72
Serbia,Europe,Total Litres Of Pure Alcohol,9.6
Serbia,Europe,Urbanrate,52.04
Serbia,Europe,Wine Servings,127
Seychelles,Africa,Happiness Score,null
Seychelles,Africa,Alcconsumption,12.11
Seychelles,Africa,Beer Servings,157
Seychelles,Africa,Employrate,null
Seychelles,Africa,Incomeperperson,"8,614.12"
Seychelles,Africa,Spirit Servings,25
Seychelles,Africa,Suicideper100Th,9.51
Seychelles,Africa,Total Litres Of Pure Alcohol,4.1
Seychelles,Africa,Urbanrate,54.34
Seychelles,Africa,Wine Servings,51
Sierra Leone,Africa,Happiness Score,4.64
Sierra Leone,Africa,Alcconsumption,9.48
Sierra Leone,Africa,Beer Servings,25
Sierra Leone,Africa,Employrate,63.8
Sierra Leone,Africa,Incomeperperson,268.33
Sierra Leone,Africa,Spirit Servings,3
Sierra Leone,Africa,Suicideper100Th,11.98
Sierra Leone,Africa,Total Litres Of Pure Alcohol,6.7
Sierra Leone,Africa,Urbanrate,37.76
Sierra Leone,Africa,Wine Servings,2
Singapore,Asia,Happiness Score,6.74
Singapore,Asia,Alcconsumption,1.54
Singapore,Asia,Beer Servings,60
Singapore,Asia,Employrate,62.4
Singapore,Asia,Incomeperperson,"32,535.83"
Singapore,Asia,Spirit Servings,12
Singapore,Asia,Suicideper100Th,9.13
Singapore,Asia,Total Litres Of Pure Alcohol,1.5
Singapore,Asia,Urbanrate,100
Singapore,Asia,Wine Servings,11
Slovakia,Europe,Happiness Score,6.08
Slovakia,Europe,Alcconsumption,13.31
Slovakia,Europe,Beer Servings,196
Slovakia,Europe,Employrate,53.4
Slovakia,Europe,Incomeperperson,"8,445.53"
Slovakia,Europe,Spirit Servings,293
Slovakia,Europe,Suicideper100Th,10.65
Slovakia,Europe,Total Litres Of Pure Alcohol,11.4
Slovakia,Europe,Urbanrate,56.56
Slovakia,Europe,Wine Servings,116
Slovenia,Europe,Happiness Score,5.77
Slovenia,Europe,Alcconsumption,14.94
Slovenia,Europe,Beer Servings,270
Slovenia,Europe,Employrate,55.9
Slovenia,Europe,Incomeperperson,"12,729.45"
Slovenia,Europe,Spirit Servings,51
Slovenia,Europe,Suicideper100Th,19.42
Slovenia,Europe,Total Litres Of Pure Alcohol,10.6
Slovenia,Europe,Urbanrate,48.6
Slovenia,Europe,Wine Servings,276
Solomon Is.,Oceania,Happiness Score,null
Solomon Is.,Oceania,Alcconsumption,1.37
Solomon Is.,Oceania,Beer Servings,56
Solomon Is.,Oceania,Employrate,65
Solomon Is.,Oceania,Incomeperperson,"1,144.10"
Solomon Is.,Oceania,Spirit Servings,11
Solomon Is.,Oceania,Suicideper100Th,4.48
Solomon Is.,Oceania,Total Litres Of Pure Alcohol,1.2
Solomon Is.,Oceania,Urbanrate,17.96
Solomon Is.,Oceania,Wine Servings,1
Somaliland,Africa,Happiness Score,null
Somaliland,Africa,Alcconsumption,0.5
Somaliland,Africa,Beer Servings,0
Somaliland,Africa,Employrate,66
Somaliland,Africa,Incomeperperson,null
Somaliland,Africa,Spirit Servings,0
Somaliland,Africa,Suicideper100Th,29.86
Somaliland,Africa,Total Litres Of Pure Alcohol,0
Somaliland,Africa,Urbanrate,36.52
Somaliland,Africa,Wine Servings,0
South Africa,Africa,Happiness Score,4.46
South Africa,Africa,Alcconsumption,10.16
South Africa,Africa,Beer Servings,225
South Africa,Africa,Employrate,41.1
South Africa,Africa,Incomeperperson,"3,745.65"
South Africa,Africa,Spirit Servings,76
South Africa,Africa,Suicideper100Th,15.71
South Africa,Africa,Total Litres Of Pure Alcohol,8.2
South Africa,Africa,Urbanrate,60.74
South Africa,Africa,Wine Servings,81
South Korea,Asia,Happiness Score,5.84
South Korea,Asia,Alcconsumption,19.15
South Korea,Asia,Beer Servings,140
South Korea,Asia,Employrate,58.9
South Korea,Asia,Incomeperperson,"16,372.50"
South Korea,Asia,Spirit Servings,16
South Korea,Asia,Suicideper100Th,22.4
South Korea,Asia,Total Litres Of Pure Alcohol,9.8
South Korea,Asia,Urbanrate,81.46
South Korea,Asia,Wine Servings,9
Spain,Europe,Happiness Score,6.36
Spain,Europe,Alcconsumption,11.83
Spain,Europe,Beer Servings,284
Spain,Europe,Employrate,52.5
Spain,Europe,Incomeperperson,"15,461.76"
Spain,Europe,Spirit Servings,157
Spain,Europe,Suicideper100Th,5.89
Spain,Europe,Total Litres Of Pure Alcohol,10
Spain,Europe,Urbanrate,77.12
Spain,Europe,Wine Servings,112
Sri Lanka,Asia,Happiness Score,null
Sri Lanka,Asia,Alcconsumption,0.81
Sri Lanka,Asia,Beer Servings,16
Sri Lanka,Asia,Employrate,55.1
Sri Lanka,Asia,Incomeperperson,"1,295.74"
Sri Lanka,Asia,Spirit Servings,104
Sri Lanka,Asia,Suicideper100Th,28.1
Sri Lanka,Asia,Total Litres Of Pure Alcohol,2.2
Sri Lanka,Asia,Urbanrate,15.1
Sri Lanka,Asia,Wine Servings,0
St. Kitts & Nevis,North America,Happiness Score,null
St. Kitts & Nevis,North America,Alcconsumption,10.62
St. Kitts & Nevis,North America,Beer Servings,194
St. Kitts & Nevis,North America,Employrate,null
St. Kitts & Nevis,North America,Incomeperperson,"9,175.80"
St. Kitts & Nevis,North America,Spirit Servings,205
St. Kitts & Nevis,North America,Suicideper100Th,null
St. Kitts & Nevis,North America,Total Litres Of Pure Alcohol,7.7
St. Kitts & Nevis,North America,Urbanrate,32.32
St. Kitts & Nevis,North America,Wine Servings,32
St. Lucia,North America,Happiness Score,null
St. Lucia,North America,Alcconsumption,12.05
St. Lucia,North America,Beer Servings,171
St. Lucia,North America,Employrate,null
St. Lucia,North America,Incomeperperson,"5,248.58"
St. Lucia,North America,Spirit Servings,315
St. Lucia,North America,Suicideper100Th,8.21
St. Lucia,North America,Total Litres Of Pure Alcohol,10.1
St. Lucia,North America,Urbanrate,27.84
St. Lucia,North America,Wine Servings,71
St. Vincent & the Grenadines,North America,Happiness Score,null
St. Vincent & the Grenadines,North America,Alcconsumption,4.99
St. Vincent & the Grenadines,North America,Beer Servings,120
St. Vincent & the Grenadines,North America,Employrate,null
St. Vincent & the Grenadines,North America,Incomeperperson,"4,885.05"
St. Vincent & the Grenadines,North America,Spirit Servings,221
St. Vincent & the Grenadines,North America,Suicideper100Th,9.59
St. Vincent & the Grenadines,North America,Total Litres Of Pure Alcohol,6.3
St. Vincent & the Grenadines,North America,Urbanrate,47.04
St. Vincent & the Grenadines,North America,Wine Servings,11
Suriname,South America,Happiness Score,6.27
Suriname,South America,Alcconsumption,6.56
Suriname,South America,Beer Servings,128
Suriname,South America,Employrate,44.7
Suriname,South America,Incomeperperson,"2,668.02"
Suriname,South America,Spirit Servings,178
Suriname,South America,Suicideper100Th,20.75
Suriname,South America,Total Litres Of Pure Alcohol,5.6
Suriname,South America,Urbanrate,74.92
Suriname,South America,Wine Servings,7
Swaziland,Africa,Happiness Score,null
Swaziland,Africa,Alcconsumption,5.05
Swaziland,Africa,Beer Servings,90
Swaziland,Africa,Employrate,50.9
Swaziland,Africa,Incomeperperson,"1,810.23"
Swaziland,Africa,Spirit Servings,2
Swaziland,Africa,Suicideper100Th,12.87
Swaziland,Africa,Total Litres Of Pure Alcohol,4.7
Swaziland,Africa,Urbanrate,24.94
Swaziland,Africa,Wine Servings,2
Sweden,Europe,Happiness Score,7.29
Sweden,Europe,Alcconsumption,9.5
Sweden,Europe,Beer Servings,152
Sweden,Europe,Employrate,60.7
Sweden,Europe,Incomeperperson,"32,292.48"
Sweden,Europe,Spirit Servings,60
Sweden,Europe,Suicideper100Th,11.12
Sweden,Europe,Total Litres Of Pure Alcohol,7.2
Sweden,Europe,Urbanrate,84.54
Sweden,Europe,Wine Servings,186
Switzerland,Europe,Happiness Score,7.51
Switzerland,Europe,Alcconsumption,11.41
Switzerland,Europe,Beer Servings,185
Switzerland,Europe,Employrate,64.3
Switzerland,Europe,Incomeperperson,"37,662.75"
Switzerland,Europe,Spirit Servings,100
Switzerland,Europe,Suicideper100Th,13.24
Switzerland,Europe,Total Litres Of Pure Alcohol,10.2
Switzerland,Europe,Urbanrate,73.48
Switzerland,Europe,Wine Servings,280
Syria,Asia,Happiness Score,3.07
Syria,Asia,Alcconsumption,1.49
Syria,Asia,Beer Servings,5
Syria,Asia,Employrate,44.8
Syria,Asia,Incomeperperson,"1,525.78"
Syria,Asia,Spirit Servings,35
Syria,Asia,Suicideper100Th,0.52
Syria,Asia,Total Litres Of Pure Alcohol,1
Syria,Asia,Urbanrate,54.22
Syria,Asia,Wine Servings,16
Tajikistan,Asia,Happiness Score,null
Tajikistan,Asia,Alcconsumption,3.39
Tajikistan,Asia,Beer Servings,2
Tajikistan,Asia,Employrate,54.6
Tajikistan,Asia,Incomeperperson,279.18
Tajikistan,Asia,Spirit Servings,15
Tajikistan,Asia,Suicideper100Th,2.65
Tajikistan,Asia,Total Litres Of Pure Alcohol,0.3
Tajikistan,Asia,Urbanrate,26.46
Tajikistan,Asia,Wine Servings,0
Tanzania,Africa,Happiness Score,3.67
Tanzania,Africa,Alcconsumption,7.86
Tanzania,Africa,Beer Servings,36
Tanzania,Africa,Employrate,78.2
Tanzania,Africa,Incomeperperson,456.39
Tanzania,Africa,Spirit Servings,6
Tanzania,Africa,Suicideper100Th,12.41
Tanzania,Africa,Total Litres Of Pure Alcohol,5.7
Tanzania,Africa,Urbanrate,25.52
Tanzania,Africa,Wine Servings,1
Thailand,Asia,Happiness Score,6.47
Thailand,Asia,Alcconsumption,7.08
Thailand,Asia,Beer Servings,99
Thailand,Asia,Employrate,72
Thailand,Asia,Incomeperperson,"2,712.52"
Thailand,Asia,Spirit Servings,258
Thailand,Asia,Suicideper100Th,9.85
Thailand,Asia,Total Litres Of Pure Alcohol,6.4
Thailand,Asia,Urbanrate,33.32
Thailand,Asia,Wine Servings,1
Timor-Leste,Asia,Happiness Score,null
Timor-Leste,Asia,Alcconsumption,0.74
Timor-Leste,Asia,Beer Servings,1
Timor-Leste,Asia,Employrate,67.3
Timor-Leste,Asia,Incomeperperson,369.57
Timor-Leste,Asia,Spirit Servings,1
Timor-Leste,Asia,Suicideper100Th,9.63
Timor-Leste,Asia,Total Litres Of Pure Alcohol,0.1
Timor-Leste,Asia,Urbanrate,27.3
Timor-Leste,Asia,Wine Servings,4
Togo,Africa,Happiness Score,3.3
Togo,Africa,Alcconsumption,1.92
Togo,Africa,Beer Servings,36
Togo,Africa,Employrate,63.9
Togo,Africa,Incomeperperson,285.22
Togo,Africa,Spirit Servings,2
Togo,Africa,Suicideper100Th,6.37
Togo,Africa,Total Litres Of Pure Alcohol,1.3
Togo,Africa,Urbanrate,42
Togo,Africa,Wine Servings,19
Tonga,Oceania,Happiness Score,null
Tonga,Oceania,Alcconsumption,3.92
Tonga,Oceania,Beer Servings,36
Tonga,Oceania,Employrate,null
Tonga,Oceania,Incomeperperson,"2,025.28"
Tonga,Oceania,Spirit Servings,21
Tonga,Oceania,Suicideper100Th,4.53
Tonga,Oceania,Total Litres Of Pure Alcohol,1.1
Tonga,Oceania,Urbanrate,24.78
Tonga,Oceania,Wine Servings,5
Trinidad & Tobago,North America,Happiness Score,6.17
Trinidad & Tobago,North America,Alcconsumption,6.16
Trinidad & Tobago,North America,Beer Servings,197
Trinidad & Tobago,North America,Employrate,61.5
Trinidad & Tobago,North America,Incomeperperson,"10,480.82"
Trinidad & Tobago,North America,Spirit Servings,156
Trinidad & Tobago,North America,Suicideper100Th,14.55
Trinidad & Tobago,North America,Total Litres Of Pure Alcohol,6.4
Trinidad & Tobago,North America,Urbanrate,13.22
Trinidad & Tobago,North America,Wine Servings,7
Tunisia,Africa,Happiness Score,5.05
Tunisia,Africa,Alcconsumption,1.05
Tunisia,Africa,Beer Servings,51
Tunisia,Africa,Employrate,41.6
Tunisia,Africa,Incomeperperson,"3,164.93"
Tunisia,Africa,Spirit Servings,3
Tunisia,Africa,Suicideper100Th,3.15
Tunisia,Africa,Total Litres Of Pure Alcohol,1.3
Tunisia,Africa,Urbanrate,66.5
Tunisia,Africa,Wine Servings,20
Turkey,Asia,Happiness Score,5.39
Turkey,Asia,Alcconsumption,3.02
Turkey,Asia,Beer Servings,51
Turkey,Asia,Employrate,42.8
Turkey,Asia,Incomeperperson,"5,348.60"
Turkey,Asia,Spirit Servings,22
Turkey,Asia,Suicideper100Th,3.56
Turkey,Asia,Total Litres Of Pure Alcohol,1.4
Turkey,Asia,Urbanrate,68.68
Turkey,Asia,Wine Servings,7
Turkmenistan,Asia,Happiness Score,5.66
Turkmenistan,Asia,Alcconsumption,5
Turkmenistan,Asia,Beer Servings,19
Turkmenistan,Asia,Employrate,58.5
Turkmenistan,Asia,Incomeperperson,"2,062.13"
Turkmenistan,Asia,Spirit Servings,71
Turkmenistan,Asia,Suicideper100Th,12.22
Turkmenistan,Asia,Total Litres Of Pure Alcohol,2.2
Turkmenistan,Asia,Urbanrate,48.62
Turkmenistan,Asia,Wine Servings,32
Tuvalu,Oceania,Happiness Score,null
Tuvalu,Oceania,Alcconsumption,2.14
Tuvalu,Oceania,Beer Servings,6
Tuvalu,Oceania,Employrate,null
Tuvalu,Oceania,Incomeperperson,"1,714.94"
Tuvalu,Oceania,Spirit Servings,41
Tuvalu,Oceania,Suicideper100Th,7.93
Tuvalu,Oceania,Total Litres Of Pure Alcohol,1
Tuvalu,Oceania,Urbanrate,null
Tuvalu,Oceania,Wine Servings,9
Uganda,Africa,Happiness Score,null
Uganda,Africa,Alcconsumption,16.4
Uganda,Africa,Beer Servings,45
Uganda,Africa,Employrate,83.2
Uganda,Africa,Incomeperperson,377.42
Uganda,Africa,Spirit Servings,9
Uganda,Africa,Suicideper100Th,12.29
Uganda,Africa,Total Litres Of Pure Alcohol,8.3
Uganda,Africa,Urbanrate,12.98
Uganda,Africa,Wine Servings,0
Ukraine,Europe,Happiness Score,4.32
Ukraine,Europe,Alcconsumption,17.47
Ukraine,Europe,Beer Servings,206
Ukraine,Europe,Employrate,54.4
Ukraine,Europe,Incomeperperson,"1,036.83"
Ukraine,Europe,Spirit Servings,237
Ukraine,Europe,Suicideper100Th,18.95
Ukraine,Europe,Total Litres Of Pure Alcohol,8.9
Ukraine,Europe,Urbanrate,67.98
Ukraine,Europe,Wine Servings,45
United Arab Emirates,Asia,Happiness Score,6.57
United Arab Emirates,Asia,Alcconsumption,0.52
United Arab Emirates,Asia,Beer Servings,16
United Arab Emirates,Asia,Employrate,75.2
United Arab Emirates,Asia,Incomeperperson,"21,087.39"
United Arab Emirates,Asia,Spirit Servings,135
United Arab Emirates,Asia,Suicideper100Th,1.39
United Arab Emirates,Asia,Total Litres Of Pure Alcohol,2.8
United Arab Emirates,Asia,Urbanrate,77.88
United Arab Emirates,Asia,Wine Servings,5
United Kingdom,Europe,Happiness Score,6.73
United Kingdom,Europe,Alcconsumption,13.24
United Kingdom,Europe,Beer Servings,219
United Kingdom,Europe,Employrate,59.3
United Kingdom,Europe,Incomeperperson,"28,033.49"
United Kingdom,Europe,Spirit Servings,126
United Kingdom,Europe,Suicideper100Th,6.01
United Kingdom,Europe,Total Litres Of Pure Alcohol,10.4
United Kingdom,Europe,Urbanrate,89.94
United Kingdom,Europe,Wine Servings,195
United States of America,North America,Happiness Score,7.1
United States of America,North America,Alcconsumption,9.7
United States of America,North America,Beer Servings,249
United States of America,North America,Employrate,62.3
United States of America,North America,Incomeperperson,"37,491.18"
United States of America,North America,Spirit Servings,158
United States of America,North America,Suicideper100Th,9.93
United States of America,North America,Total Litres Of Pure Alcohol,8.7
United States of America,North America,Urbanrate,81.7
United States of America,North America,Wine Servings,84
Uruguay,South America,Happiness Score,6.55
Uruguay,South America,Alcconsumption,8.99
Uruguay,South America,Beer Servings,115
Uruguay,South America,Employrate,57.5
Uruguay,South America,Incomeperperson,"9,106.33"
Uruguay,South America,Spirit Servings,35
Uruguay,South America,Suicideper100Th,14.54
Uruguay,South America,Total Litres Of Pure Alcohol,6.6
Uruguay,South America,Urbanrate,92.3
Uruguay,South America,Wine Servings,220
Uzbekistan,Asia,Happiness Score,5.99
Uzbekistan,Asia,Alcconsumption,3.61
Uzbekistan,Asia,Beer Servings,25
Uzbekistan,Asia,Employrate,57.5
Uzbekistan,Asia,Incomeperperson,952.83
Uzbekistan,Asia,Spirit Servings,101
Uzbekistan,Asia,Suicideper100Th,5.21
Uzbekistan,Asia,Total Litres Of Pure Alcohol,2.4
Uzbekistan,Asia,Urbanrate,36.82
Uzbekistan,Asia,Wine Servings,8
Vanuatu,Oceania,Happiness Score,null
Vanuatu,Oceania,Alcconsumption,0.96
Vanuatu,Oceania,Beer Servings,21
Vanuatu,Oceania,Employrate,null
Vanuatu,Oceania,Incomeperperson,"1,543.96"
Vanuatu,Oceania,Spirit Servings,18
Vanuatu,Oceania,Suicideper100Th,4.98
Vanuatu,Oceania,Total Litres Of Pure Alcohol,0.9
Vanuatu,Oceania,Urbanrate,24.76
Vanuatu,Oceania,Wine Servings,11
Venezuela,South America,Happiness Score,6.08
Venezuela,South America,Alcconsumption,7.6
Venezuela,South America,Beer Servings,333
Venezuela,South America,Employrate,59.9
Venezuela,South America,Incomeperperson,"5,528.36"
Venezuela,South America,Spirit Servings,100
Venezuela,South America,Suicideper100Th,4.12
Venezuela,South America,Total Litres Of Pure Alcohol,7.7
Venezuela,South America,Urbanrate,93.32
Venezuela,South America,Wine Servings,3
Vietnam,Asia,Happiness Score,5.06
Vietnam,Asia,Alcconsumption,3.91
Vietnam,Asia,Beer Servings,111
Vietnam,Asia,Employrate,71
Vietnam,Asia,Incomeperperson,722.81
Vietnam,Asia,Spirit Servings,2
Vietnam,Asia,Suicideper100Th,11.65
Vietnam,Asia,Total Litres Of Pure Alcohol,2
Vietnam,Asia,Urbanrate,27.84
Vietnam,Asia,Wine Servings,1
Yemen,Asia,Happiness Score,null
Yemen,Asia,Alcconsumption,0.2
Yemen,Asia,Beer Servings,6
Yemen,Asia,Employrate,39
Yemen,Asia,Incomeperperson,610.36
Yemen,Asia,Spirit Servings,0
Yemen,Asia,Suicideper100Th,6.27
Yemen,Asia,Total Litres Of Pure Alcohol,0.1
Yemen,Asia,Urbanrate,30.64
Yemen,Asia,Wine Servings,0
Zambia,Africa,Happiness Score,4.8
Zambia,Africa,Alcconsumption,3.56
Zambia,Africa,Beer Servings,32
Zambia,Africa,Employrate,61
Zambia,Africa,Incomeperperson,432.23
Zambia,Africa,Spirit Servings,19
Zambia,Africa,Suicideper100Th,12.02
Zambia,Africa,Total Litres Of Pure Alcohol,2.5
Zambia,Africa,Urbanrate,35.42
Zambia,Africa,Wine Servings,4
Zimbabwe,Africa,Happiness Score,4.19
Zimbabwe,Africa,Alcconsumption,4.96
Zimbabwe,Africa,Beer Servings,64
Zimbabwe,Africa,Employrate,66.8
Zimbabwe,Africa,Incomeperperson,320.77
Zimbabwe,Africa,Spirit Servings,18
Zimbabwe,Africa,Suicideper100Th,13.91
Zimbabwe,Africa,Total Litres Of Pure Alcohol,4.7
Zimbabwe,Africa,Urbanrate,37.34
Zimbabwe,Africa,Wine Servings,4